{
  "threshold": 0.1685848891735077,
  "fn_cost": 5.0,
  "fp_cost": 1.0,
  "test_precision": 0.37392603660814344,
  "test_recall": 0.7549019607843137,
  "test_f1": 0.5001249063202599,
  "test_cost": 3301.0
}